customer_id,age,gender,region,education_level,employment_type,annual_income,loan_amount,loan_purpose,credit_score,repayment_history,transaction_count,spending_ratio,join_date,default_flag
CUST1000,56,Other,North,Secondary,,59117.76,26380.51,Home,729,11,23,82.94,2023-07-10 11:04:12.435108,0
CUST1001,69,Female,South,Graduate,Salaried,93300.05,25008.44,Education,733,1,28,13.22,2017-08-07 11:04:12.435108,0
CUST1002,46,Female,East,Primary,Salaried,37129.64,1989.42,Business,703,12,57,50.98,2016-08-18 11:04:12.435108,0
CUST1003,32,Female,South,Graduate,Self-Employed,68556.8,14573.26,Education,733,7,26,64.44,2024-08-31 11:04:12.435108,0
CUST1004,60,Male,South,Primary,Self-Employed,51140.26,12122.16,Business,411,8,25,84.54,2019-06-08 11:04:12.435108,0
CUST1005,25,Male,East,Primary,Salaried,55371.85,13791.52,Car,674,9,54,59.63,2019-02-05 11:04:12.435108,0
CUST1006,38,Male,South,Post-Graduate,Self-Employed,80569.37,18318.56,Other,358,9,29,74.3,2018-11-08 11:04:12.435108,0
CUST1007,56,Female,East,Post-Graduate,Self-Employed,60156.72,15279.09,Business,342,8,83,16.7,2017-11-30 11:04:12.435108,0
CUST1008,36,Male,South,Post-Graduate,Salaried,60765.92,1000.0,Home,506,9,97,40.88,2024-08-10 11:04:12.435108,0
CUST1009,40,Male,East,Graduate,,71450.15,27479.1,Education,595,6,36,39.92,2017-07-01 11:04:12.435108,0
CUST1010,28,Male,North,Secondary,,42700.95,9272.57,Car,417,8,14,80.9,2023-12-09 11:04:12.435108,1
CUST1011,28,Male,West,Primary,Self-Employed,33215.81,22392.47,Home,831,8,78,22.11,2024-08-27 11:04:12.435108,0
CUST1012,41,Female,East,Primary,Salaried,29103.82,40740.83,Car,521,2,35,22.15,2022-06-19 11:04:12.435108,0
CUST1013,53,Female,East,Primary,Self-Employed,10672.87,10806.15,Other,465,3,30,36.28,2017-04-29 11:04:12.435108,1
CUST1014,57,Female,West,Graduate,Salaried,91124.14,1000.0,Education,455,1,92,14.36,2022-12-21 11:04:12.435108,0
CUST1015,41,Male,East,Post-Graduate,Salaried,27935.83,17139.96,Education,483,9,17,24.6,2021-01-30 11:04:12.435108,1
CUST1016,20,Female,East,Secondary,Salaried,45574.93,31009.6,Other,389,2,67,87.22,2016-09-15 11:04:12.435108,0
CUST1017,39,Female,South,Graduate,Salaried,44463.73,39583.47,Education,393,10,80,44.25,2016-09-07 11:04:12.435108,0
CUST1018,19,Male,West,Post-Graduate,Unemployed,56148.13,7704.5,Business,312,10,30,60.56,2017-05-26 11:04:12.435108,0
CUST1019,41,Male,North,Graduate,Self-Employed,66314.74,24966.99,Car,737,4,93,68.09,2018-10-20 11:04:12.435108,0
CUST1020,61,Male,East,Secondary,Self-Employed,67209.47,15346.9,Home,837,4,45,39.36,2018-12-16 11:04:12.435108,0
CUST1021,47,Female,West,Post-Graduate,Salaried,38338.45,18940.52,Other,449,5,79,21.78,2022-01-06 11:04:12.435108,0
CUST1022,55,Female,South,Graduate,Salaried,46657.57,46443.43,Business,307,12,89,26.53,2023-02-06 11:04:12.435108,0
CUST1023,19,Male,North,Secondary,Salaried,55651.6,4970.3,Home,328,6,51,35.06,2016-08-24 11:04:12.435108,1
CUST1024,38,Male,West,Primary,,45026.18,22537.4,Home,595,6,47,60.89,2022-08-23 11:04:12.435108,0
CUST1025,50,Female,North,Secondary,Salaried,82146.91,24676.93,Other,639,0,53,41.86,2018-07-31 11:04:12.435108,0
CUST1026,29,Female,North,Primary,Unemployed,59819.5,30857.86,Business,738,1,64,10.55,2024-05-18 11:04:12.435108,0
CUST1027,39,Female,North,Graduate,Self-Employed,64697.56,20979.83,Home,443,11,38,51.87,2023-08-21 11:04:12.435108,0
CUST1028,61,Female,East,Post-Graduate,Salaried,63257.63,23080.51,Home,818,8,64,83.72,2024-03-19 11:04:12.435108,1
CUST1029,42,Male,East,Post-Graduate,Self-Employed,73469.48,16083.51,Business,344,9,87,74.97,2022-06-18 11:04:12.435108,0
CUST1030,66,Male,South,Graduate,Salaried,53620.43,22691.27,Education,538,1,89,76.02,2021-01-20 11:04:12.435108,0
CUST1031,44,Female,South,Post-Graduate,Unemployed,24063.36,16568.08,Home,454,5,7,73.6,2018-10-27 11:04:12.435108,0
CUST1032,59,Male,West,Post-Graduate,Unemployed,57993.76,26215.72,Car,480,10,22,35.9,2021-05-21 11:04:12.435108,0
CUST1033,45,Female,South,Primary,Salaried,36972.86,16303.9,Business,514,10,81,71.22,2022-12-16 11:04:12.435108,1
CUST1034,33,Other,North,Graduate,Salaried,39427.67,23771.0,Home,387,0,82,21.45,2019-06-21 11:04:12.435108,0
CUST1035,32,Female,North,Secondary,Self-Employed,61727.28,19707.37,Other,555,2,41,62.62,2025-06-05 11:04:12.435108,0
CUST1036,64,Male,East,Primary,Unemployed,74765.66,31260.5,Car,810,1,74,61.33,2026-02-05 11:04:12.435108,1
CUST1037,68,Female,North,Graduate,Salaried,50425.43,19486.06,Home,372,2,10,12.05,2016-06-03 11:04:12.435108,1
CUST1038,61,Female,West,Primary,Self-Employed,56176.66,2269.68,Car,478,4,57,73.04,2024-11-10 11:04:12.435108,0
CUST1039,69,Female,North,Secondary,Self-Employed,84044.3,32619.22,Car,511,10,7,82.26,2025-05-21 11:04:12.435108,0
CUST1040,20,Other,North,Secondary,Self-Employed,54815.06,10942.68,Education,533,9,50,31.39,2018-02-20 11:04:12.435108,0
CUST1041,54,Male,West,Graduate,Salaried,102033.66,13462.34,Car,764,5,91,74.99,2024-03-06 11:04:12.435108,0
CUST1042,68,Other,South,Secondary,Self-Employed,61310.19,14043.39,Education,522,8,52,16.59,2021-02-02 11:04:12.435108,1
CUST1043,24,Other,South,Primary,Unemployed,14784.74,33744.38,Business,563,11,33,58.0,2020-03-01 11:04:12.435108,0
CUST1044,38,Male,West,Secondary,Salaried,65066.83,1000.0,Education,506,10,1,48.85,2019-06-20 11:04:12.435108,0
CUST1045,26,Male,East,Primary,Salaried,57623.17,51377.49,Other,665,9,53,53.67,2018-02-03 11:04:12.435108,0
CUST1046,56,Male,North,Primary,,75795.06,30560.57,Home,575,11,60,84.1,2018-10-06 11:04:12.435108,0
CUST1047,35,Male,West,Secondary,Salaried,63463.63,22232.39,Business,679,11,34,79.71,2024-11-29 11:04:12.435108,0
CUST1048,21,Male,North,Graduate,Unemployed,47230.88,19451.06,Business,608,12,4,72.81,2020-02-15 11:04:12.435108,0
CUST1049,42,Female,East,Post-Graduate,Salaried,25514.04,22855.54,Other,567,3,17,31.9,2017-06-30 11:04:12.435108,0
CUST1050,31,Male,North,Secondary,Salaried,45819.53,25211.22,Education,363,6,4,82.95,2017-05-22 11:04:12.435108,0
CUST1051,67,Male,West,Primary,Unemployed,32989.59,26452.16,Home,649,5,43,17.8,2020-08-11 11:04:12.435108,0
CUST1052,26,Female,North,Primary,Salaried,38389.53,25556.04,Education,793,1,90,78.27,2017-06-08 11:04:12.435108,0
CUST1053,43,Male,South,Secondary,Self-Employed,61771.57,20895.81,Car,822,9,4,36.25,2020-05-17 11:04:12.435108,0
CUST1054,19,Female,East,Graduate,Salaried,83398.09,18026.62,Education,397,10,1,14.3,2025-11-08 11:04:12.435108,0
CUST1055,37,Male,East,Graduate,Self-Employed,57893.43,18487.27,Business,370,10,71,63.55,2020-03-16 11:04:12.435108,0
CUST1056,45,Male,East,Primary,Salaried,26082.34,18050.92,Home,663,10,94,28.5,2023-02-13 11:04:12.435108,0
CUST1057,64,Female,West,Primary,Salaried,58892.05,31337.7,Education,575,7,50,29.49,2019-04-26 11:04:12.435108,0
CUST1058,24,Female,East,Graduate,,73932.63,25935.57,Home,349,6,73,34.48,2025-05-26 11:04:12.435108,0
CUST1059,61,Female,South,Post-Graduate,Salaried,37804.34,1000.0,Home,657,6,61,15.09,2016-11-01 11:04:12.435108,0
CUST1060,25,Female,West,Secondary,Self-Employed,47319.66,26559.01,Car,784,7,35,24.17,2024-07-13 11:04:12.435108,1
CUST1061,64,Female,South,Primary,Salaried,50293.76,21947.36,Car,383,11,8,10.41,2021-07-02 11:04:12.435108,0
CUST1062,52,Male,North,Primary,Self-Employed,34302.03,19812.91,Business,595,11,24,45.63,2022-05-13 11:04:12.435108,0
CUST1063,31,Male,North,Graduate,Salaried,62965.61,16114.82,Other,535,12,83,16.74,2017-10-01 11:04:12.435108,1
CUST1064,34,Female,North,Secondary,,47581.04,31241.13,Home,355,10,36,64.61,2020-08-05 11:04:12.435108,0
CUST1065,53,Female,North,Graduate,Salaried,58390.65,29475.26,Other,659,0,50,28.85,2017-03-26 11:04:12.435108,0
CUST1066,67,,South,Secondary,Salaried,32250.16,12271.22,Business,409,12,43,85.49,2022-07-17 11:04:12.435108,0
CUST1067,57,Male,West,Secondary,Salaried,41250.83,24070.52,Home,491,0,27,79.7,2019-08-21 11:04:12.435108,1
CUST1068,21,Male,West,Secondary,Salaried,64447.63,10283.43,Home,392,7,32,33.16,2025-08-26 11:04:12.435108,0
CUST1069,19,Female,East,Primary,Self-Employed,42543.34,6203.82,Other,359,3,78,72.66,2023-05-26 11:04:12.435108,0
CUST1070,23,Male,South,Post-Graduate,Salaried,84539.28,13732.83,Education,338,4,18,74.26,2023-04-15 11:04:12.435108,0
CUST1071,59,Other,North,Graduate,Unemployed,42007.28,28623.93,Car,839,7,28,88.93,2026-04-12 11:04:12.435108,1
CUST1072,21,Female,South,Post-Graduate,Salaried,54493.69,29531.25,Education,348,4,29,57.83,2026-01-05 11:04:12.435108,0
CUST1073,46,Male,East,Graduate,Salaried,68651.82,25130.85,Other,719,9,16,16.56,2020-05-28 11:04:12.435108,0
CUST1074,35,Female,East,Secondary,Self-Employed,21632.69,27250.96,Car,312,3,99,61.75,2022-10-28 11:04:12.435108,0
CUST1075,43,Female,South,Primary,Self-Employed,14783.82,25161.78,Education,335,11,47,60.0,2018-07-04 11:04:12.435108,0
CUST1076,61,Male,South,Post-Graduate,Salaried,19486.87,13585.18,Car,400,5,59,61.07,2024-04-01 11:04:12.435108,0
CUST1077,51,Other,South,Primary,Salaried,75251.68,24319.23,Home,385,12,31,34.57,2017-02-16 11:04:12.435108,0
CUST1078,27,Female,West,Graduate,Salaried,38962.84,28004.1,Education,815,11,4,78.77,2016-11-11 11:04:12.435108,1
CUST1079,53,Female,North,Primary,Self-Employed,101163.99,27542.91,Car,522,4,37,86.76,2023-10-07 11:04:12.435108,0
CUST1080,31,Male,South,Primary,Self-Employed,38715.05,31889.13,Car,637,6,17,27.42,2018-11-27 11:04:12.435108,0
CUST1081,48,Female,South,Post-Graduate,Salaried,53691.03,27083.04,Car,465,9,39,17.05,2025-01-07 11:04:12.435108,0
CUST1082,65,Male,South,Secondary,Unemployed,80842.2,23514.48,Education,682,6,48,25.56,2019-08-06 11:04:12.435108,0
CUST1083,32,Male,East,Primary,Unemployed,90121.86,30701.5,Business,675,12,46,75.64,2017-03-30 11:04:12.435108,0
CUST1084,25,Other,East,Secondary,Self-Employed,91230.07,19734.79,Education,770,3,90,64.13,2025-12-10 11:04:12.435108,0
CUST1085,31,Male,West,Graduate,Unemployed,74167.32,11181.25,Other,330,11,48,60.88,2018-12-17 11:04:12.435108,0
CUST1086,40,Male,North,Primary,Salaried,70481.25,18369.33,Education,674,12,39,42.14,2026-01-25 11:04:12.435108,0
CUST1087,57,Other,West,Post-Graduate,Salaried,61850.54,12550.97,Car,310,4,4,56.23,2017-06-25 11:04:12.435108,0
CUST1088,38,Other,North,Graduate,Salaried,65567.22,13248.22,Home,601,12,30,34.63,2020-08-11 11:04:12.435108,1
CUST1089,33,Female,East,Graduate,Salaried,38976.29,18554.81,Education,395,2,30,48.18,2019-06-20 11:04:12.435108,1
CUST1090,62,Female,East,Post-Graduate,Self-Employed,33636.02,12075.8,Education,489,3,22,73.45,2021-06-08 11:04:12.435108,0
CUST1091,35,Male,East,Primary,Unemployed,49932.51,16920.38,Car,752,3,75,88.5,2023-06-24 11:04:12.435108,0
CUST1092,64,Male,West,Primary,Salaried,46596.31,1063.85,Home,491,2,66,84.6,2025-09-14 11:04:12.435108,0
CUST1093,41,Male,South,Graduate,Salaried,40935.44,22132.94,Home,785,12,12,84.71,2020-06-10 11:04:12.435108,1
CUST1094,43,Female,South,Primary,Salaried,63927.75,20012.05,Other,565,9,94,42.18,2018-03-05 11:04:12.435108,0
CUST1095,42,Female,East,Secondary,Unemployed,69106.1,11829.11,Education,723,4,36,47.5,2020-07-02 11:04:12.435108,1
CUST1096,62,Female,South,Post-Graduate,Salaried,51768.14,26592.46,Home,427,4,18,66.45,2020-05-02 11:04:12.435108,0
CUST1097,58,Female,South,Secondary,Self-Employed,79550.6,29375.7,Home,537,10,90,83.78,2018-09-13 11:04:12.435108,1
CUST1098,46,Male,West,Primary,Salaried,27166.22,3924.4,Business,654,6,53,21.36,2023-11-13 11:04:12.435108,1
CUST1099,32,Female,North,Graduate,Salaried,46126.81,12372.75,Business,411,3,71,34.34,2019-05-06 11:04:12.435108,1
CUST1100,62,Male,East,Post-Graduate,,35663.55,12308.58,Home,745,12,1,21.14,2024-03-21 11:04:12.435108,0
CUST1101,18,Female,East,Primary,,12669.27,10600.97,Other,642,3,58,58.96,2024-01-06 11:04:12.435108,0
CUST1102,42,Male,West,Primary,Salaried,48346.39,28294.75,Home,444,8,90,34.5,2023-08-14 11:04:12.435108,0
CUST1103,24,Female,West,Graduate,,47565.05,18061.74,Car,364,5,87,36.09,2017-02-24 11:04:12.435108,0
CUST1104,26,Male,South,Graduate,Self-Employed,80268.99,17354.85,Education,546,3,90,15.67,2023-03-08 11:04:12.435108,0
CUST1105,41,Male,East,Secondary,Unemployed,62616.23,1000.0,Other,789,1,6,37.98,2023-06-21 11:04:12.435108,0
CUST1106,18,Male,North,Post-Graduate,Salaried,29516.26,26354.18,Car,738,5,70,79.0,2018-04-08 11:04:12.435108,0
CUST1107,61,Female,West,Post-Graduate,Self-Employed,87081.85,7607.42,Other,405,1,44,28.65,2022-05-04 11:04:12.435108,0
CUST1108,25,Female,North,Graduate,Salaried,74420.67,20599.33,Car,480,4,72,65.61,2024-07-11 11:04:12.435108,0
CUST1109,41,Male,North,Secondary,Self-Employed,61641.95,22773.77,Education,483,5,24,60.37,2019-02-04 11:04:12.435108,0
CUST1110,28,Male,East,Post-Graduate,Salaried,45470.32,33606.59,Education,525,3,86,79.08,2018-03-08 11:04:12.435108,1
CUST1111,68,Female,East,Graduate,Salaried,30811.22,6911.8,Business,388,12,19,20.58,2021-07-14 11:04:12.435108,0
CUST1112,34,Male,West,Primary,Salaried,42555.86,1000.0,Car,829,2,18,88.21,2020-08-09 11:04:12.435108,0
CUST1113,25,Female,East,Post-Graduate,Self-Employed,71774.97,21838.5,Business,670,6,95,56.61,2019-05-18 11:04:12.435108,0
CUST1114,52,Female,East,Secondary,Salaried,87691.73,38005.11,Car,698,1,30,89.64,2023-07-12 11:04:12.435108,1
CUST1115,52,Male,East,Secondary,Self-Employed,80864.87,32389.46,Business,405,12,42,82.92,2024-01-25 11:04:12.435108,0
CUST1116,50,Male,North,Secondary,,40223.01,22096.59,Education,570,10,33,27.72,2022-08-06 11:04:12.435108,0
CUST1117,22,,West,Primary,Salaried,27607.65,15083.64,Other,802,5,74,14.49,2018-10-24 11:04:12.435108,0
CUST1118,59,Male,South,Post-Graduate,Self-Employed,52817.72,28071.23,Business,824,12,12,30.45,2024-01-11 11:04:12.435108,0
CUST1119,56,Male,North,Post-Graduate,Salaried,14631.21,10264.54,Car,331,3,94,52.21,2019-12-27 11:04:12.435108,0
CUST1120,58,Female,East,Primary,Unemployed,56463.35,24763.58,Car,692,5,27,23.73,2025-10-20 11:04:12.435108,1
CUST1121,45,Other,North,Post-Graduate,Salaried,47047.95,25054.7,Education,339,3,39,23.4,2024-12-19 11:04:12.435108,1
CUST1122,24,,East,Primary,Self-Employed,40679.27,30602.1,Car,517,3,9,47.01,2025-01-19 11:04:12.435108,0
CUST1123,26,Female,East,Primary,Unemployed,18105.94,47596.6,Home,381,3,21,12.66,2016-12-23 11:04:12.435108,0
CUST1124,25,Male,North,Primary,Unemployed,60272.0,23924.16,Other,500,8,76,19.75,2018-12-02 11:04:12.435108,0
CUST1125,29,Male,West,Secondary,Self-Employed,39345.98,14910.36,Business,746,6,29,43.27,2025-07-26 11:04:12.435108,0
CUST1126,51,Female,East,Post-Graduate,Salaried,26601.66,19744.26,Other,727,2,33,15.05,2016-09-16 11:04:12.435108,0
CUST1127,50,Female,West,Primary,Self-Employed,5000.0,2309.24,Education,337,2,62,41.74,2025-05-18 11:04:12.435108,0
CUST1128,65,Male,South,Post-Graduate,Unemployed,49449.7,13052.87,Business,510,5,15,47.92,2019-11-21 11:04:12.435108,1
CUST1129,40,Other,East,Secondary,Self-Employed,85445.03,15907.18,Business,743,5,2,46.1,2020-11-06 11:04:12.435108,1
CUST1130,41,Male,West,Primary,Salaried,83225.18,14759.12,Home,626,3,52,79.53,2019-05-09 11:04:12.435108,0
CUST1131,54,Female,West,Graduate,Unemployed,40858.07,21523.55,Education,526,8,44,52.4,2017-02-03 11:04:12.435108,0
CUST1132,52,Male,South,Secondary,Self-Employed,37955.76,11775.8,Car,347,3,54,47.44,2018-09-19 11:04:12.435108,0
CUST1133,61,Female,West,Graduate,Self-Employed,59375.49,31210.31,Home,317,8,18,42.86,2022-09-17 11:04:12.435108,0
CUST1134,57,Male,West,Post-Graduate,Salaried,30032.29,20002.07,Home,738,3,3,75.41,2026-03-06 11:04:12.435108,0
CUST1135,39,Male,South,Post-Graduate,Self-Employed,56035.84,19907.0,Other,486,1,7,81.6,2024-05-26 11:04:12.435108,0
CUST1136,44,Male,East,Secondary,Salaried,65321.61,16721.05,Other,644,1,43,78.26,2019-11-17 11:04:12.435108,1
CUST1137,52,Female,West,Post-Graduate,Self-Employed,74538.66,21551.91,Other,523,4,82,63.88,2018-09-25 11:04:12.435108,0
CUST1138,18,Female,West,Graduate,Salaried,47996.92,28250.98,Home,787,3,38,20.99,2023-09-13 11:04:12.435108,0
CUST1139,52,Female,West,Primary,Self-Employed,45926.52,11328.7,Car,528,6,37,32.15,2021-12-12 11:04:12.435108,0
CUST1140,54,Other,North,Primary,,32440.35,13418.84,Business,689,10,58,13.69,2020-10-14 11:04:12.435108,0
CUST1141,64,Male,South,Primary,Salaried,33462.39,16962.74,Other,487,4,33,84.47,2026-04-09 11:04:12.435108,0
CUST1142,31,Male,North,Secondary,,45470.42,6541.29,Car,569,5,59,62.86,2023-07-24 11:04:12.435108,0
CUST1143,20,Female,South,Post-Graduate,Salaried,57347.31,11807.42,Education,609,9,95,69.71,2021-06-30 11:04:12.435108,0
CUST1144,18,Male,East,Graduate,Unemployed,68271.69,15237.79,Other,431,3,11,34.93,2017-12-14 11:04:12.435108,0
CUST1145,22,Other,East,Post-Graduate,Self-Employed,33936.42,28743.89,Business,850,12,68,77.65,2019-04-27 11:04:12.435108,0
CUST1146,43,Male,West,Post-Graduate,Self-Employed,79853.77,22625.61,Education,371,11,82,30.77,2017-11-30 11:04:12.435108,1
CUST1147,31,Other,South,Post-Graduate,Self-Employed,44577.53,21935.9,Education,486,1,68,10.13,2019-02-12 11:04:12.435108,0
CUST1148,56,Male,East,Primary,Unemployed,49572.65,28508.98,Business,785,12,98,40.11,2024-09-14 11:04:12.435108,0
CUST1149,44,Female,South,Graduate,Salaried,35055.77,18626.28,Other,490,9,93,55.66,2022-08-24 11:04:12.435108,0
CUST1150,26,Female,East,Graduate,Salaried,5000.0,23904.65,Home,721,8,88,48.3,2022-05-24 11:04:12.435108,0
CUST1151,32,,North,Post-Graduate,Self-Employed,67680.91,18967.78,Business,419,9,22,78.97,2019-04-19 11:04:12.435108,0
CUST1152,32,Male,East,Primary,Unemployed,64736.88,22653.62,Business,519,6,66,18.43,2024-09-22 11:04:12.435108,1
CUST1153,43,Female,North,Primary,Self-Employed,44373.45,14172.41,Business,352,3,44,54.31,2022-11-27 11:04:12.435108,1
CUST1154,59,Other,East,Graduate,Self-Employed,51339.81,1000.0,Education,750,2,6,51.04,2021-02-25 11:04:12.435108,0
CUST1155,30,Female,West,Primary,Salaried,60318.78,18657.21,Car,711,9,42,32.51,2022-11-23 11:04:12.435108,0
CUST1156,68,Female,North,Primary,Unemployed,18749.08,34227.48,Home,536,2,25,75.78,2020-10-29 11:04:12.435108,0
CUST1157,49,Female,East,Primary,Salaried,39418.95,29262.15,Other,705,8,57,70.23,2020-05-29 11:04:12.435108,0
CUST1158,56,Female,West,Secondary,Self-Employed,65885.29,29653.97,Other,721,4,85,68.63,2018-10-23 11:04:12.435108,0
CUST1159,66,Female,North,Post-Graduate,Salaried,24914.21,32361.31,Car,546,12,55,80.1,2017-11-25 11:04:12.435108,0
CUST1160,69,Female,West,Graduate,Salaried,55871.16,20886.58,Business,371,2,16,67.82,2022-01-24 11:04:12.435108,0
CUST1161,49,Other,South,Graduate,Salaried,22868.36,21973.16,Home,484,4,95,28.55,2021-11-19 11:04:12.435108,0
CUST1162,21,Male,South,Secondary,Salaried,59328.6,13823.48,Other,305,1,14,66.45,2017-05-15 11:04:12.435108,0
CUST1163,47,Male,North,Post-Graduate,Self-Employed,49287.17,16839.27,Other,505,10,39,34.62,2024-10-28 11:04:12.435108,1
CUST1164,54,Other,East,Graduate,Salaried,17697.36,26157.71,Business,843,3,28,29.37,2016-11-16 11:04:12.435108,0
CUST1165,40,Female,North,Primary,Salaried,73294.79,32038.84,Car,686,9,96,15.84,2026-01-03 11:04:12.435108,0
CUST1166,56,Female,West,Graduate,Salaried,35308.17,18605.54,Home,375,1,92,69.52,2017-07-31 11:04:12.435108,0
CUST1167,62,Female,East,Primary,Salaried,33794.95,15498.11,Car,476,1,51,66.88,2018-01-24 11:04:12.435108,0
CUST1168,32,Male,South,Secondary,Salaried,54011.38,20005.28,Car,648,11,49,28.76,2023-05-22 11:04:12.435108,0
CUST1169,60,Male,East,Primary,Salaried,72972.75,26012.07,Home,554,7,9,69.95,2018-02-22 11:04:12.435108,0
CUST1170,46,Female,South,Graduate,Self-Employed,29683.56,5561.45,Home,607,0,58,83.43,2025-03-26 11:04:12.435108,1
CUST1171,53,Male,East,Graduate,Self-Employed,51233.6,1000.0,Other,644,6,45,18.64,2023-12-25 11:04:12.435108,0
CUST1172,30,Female,East,Graduate,Self-Employed,58576.33,14494.63,Other,426,4,22,28.61,2021-01-31 11:04:12.435108,0
CUST1173,49,Male,East,Secondary,Salaried,63862.11,7792.88,Home,586,10,32,70.02,2023-01-14 11:04:12.435108,0
CUST1174,24,Other,West,Secondary,Salaried,53528.83,14918.6,Education,786,7,69,31.96,2017-01-23 11:04:12.435108,0
CUST1175,68,,West,Post-Graduate,Unemployed,42659.44,18522.2,Other,682,0,87,59.97,2020-08-31 11:04:12.435108,0
CUST1176,39,Female,North,Graduate,Self-Employed,33448.2,15467.52,Education,705,10,69,16.49,2020-08-18 11:04:12.435108,1
CUST1177,45,Female,North,Primary,Salaried,51722.88,34524.68,Home,687,6,42,46.18,2023-01-12 11:04:12.435108,0
CUST1178,19,Male,South,Secondary,Salaried,28557.22,23267.45,Other,824,4,53,69.13,2021-08-07 11:04:12.435108,0
CUST1179,59,Female,West,Graduate,Salaried,5000.0,23004.74,Car,575,3,96,64.92,2022-04-14 11:04:12.435108,0
CUST1180,62,Female,South,Graduate,Salaried,58731.2,26222.07,Home,799,6,59,75.21,2019-03-03 11:04:12.435108,0
CUST1181,23,Male,North,Secondary,Salaried,68078.7,8611.67,Business,636,9,74,80.2,2022-07-22 11:04:12.435108,1
CUST1182,45,Other,South,Post-Graduate,Self-Employed,5000.0,30391.12,Education,780,1,39,71.85,2026-01-01 11:04:12.435108,1
CUST1183,45,Female,North,Secondary,Self-Employed,29805.39,19242.36,Home,572,11,15,63.73,2016-06-24 11:04:12.435108,0
CUST1184,61,Other,West,Secondary,Self-Employed,62383.09,26704.81,Home,357,0,71,12.54,2023-12-24 11:04:12.435108,0
CUST1185,61,Female,East,Primary,Self-Employed,91149.91,9281.43,Other,627,0,29,52.8,2024-06-07 11:04:12.435108,0
CUST1186,37,Female,West,Primary,Unemployed,50415.87,4462.41,Other,408,10,3,13.02,2017-08-20 11:04:12.435108,0
CUST1187,47,Male,South,Post-Graduate,Self-Employed,35439.94,28178.9,Other,578,11,83,74.65,2023-12-30 11:04:12.435108,1
CUST1188,28,Other,South,Graduate,,46342.07,23764.1,Business,627,0,10,35.66,2026-04-10 11:04:12.435108,0
CUST1189,45,Female,West,Secondary,Salaried,77497.53,10979.48,Other,614,11,92,54.99,2022-05-16 11:04:12.435108,0
CUST1190,42,Male,West,Post-Graduate,Salaried,37080.72,11303.37,Home,773,4,29,32.36,2024-10-08 11:04:12.435108,0
CUST1191,56,Male,North,Primary,Salaried,34016.16,31254.35,Other,410,9,79,72.6,2019-05-05 11:04:12.435108,1
CUST1192,50,Male,South,Secondary,Self-Employed,40345.13,8105.88,Car,528,6,35,80.92,2024-12-20 11:04:12.435108,0
CUST1193,18,Female,South,Graduate,Unemployed,30933.43,36426.73,Other,796,1,6,41.89,2023-07-16 11:04:12.435108,0
CUST1194,44,,West,Primary,Salaried,52453.41,10993.79,Business,455,9,12,79.03,2020-03-01 11:04:12.435108,0
CUST1195,69,Male,East,Primary,Unemployed,82493.57,26383.92,Car,772,7,38,31.37,2017-08-07 11:04:12.435108,1
CUST1196,30,Female,South,Primary,Salaried,56461.59,16713.82,Home,571,3,77,52.77,2019-08-23 11:04:12.435108,0
CUST1197,58,Male,East,Post-Graduate,Unemployed,44952.93,26031.87,Home,301,11,93,78.7,2021-03-23 11:04:12.435108,0
CUST1198,20,Other,West,Graduate,Salaried,44163.77,14558.86,Education,810,2,19,36.07,2018-02-14 11:04:12.435108,0
CUST1199,56,Female,West,Secondary,Salaried,18736.18,18372.07,Car,585,9,67,86.32,2021-06-09 11:04:12.435108,0
CUST1200,23,Female,North,Post-Graduate,Salaried,67662.2,20409.19,Education,312,10,8,19.75,2016-05-21 11:04:12.435108,0
CUST1201,25,Female,South,Post-Graduate,Salaried,48443.26,9978.13,Car,797,7,8,11.46,2024-06-12 11:04:12.435108,1
CUST1202,44,Male,East,Post-Graduate,Salaried,46390.4,27408.24,Car,537,1,84,82.33,2026-03-04 11:04:12.435108,0
CUST1203,26,Male,North,Primary,Salaried,113862.15,14867.86,Business,393,10,47,15.49,2024-06-02 11:04:12.435108,0
CUST1204,54,Male,South,Graduate,Unemployed,55975.06,17714.0,Education,637,10,4,89.35,2019-04-21 11:04:12.435108,0
CUST1205,50,Female,North,Post-Graduate,Self-Employed,34964.18,10056.51,Business,470,12,51,86.11,2021-12-18 11:04:12.435108,0
CUST1206,68,Female,West,Secondary,Salaried,41472.85,1000.0,Car,766,2,85,20.96,2024-11-22 11:04:12.435108,1
CUST1207,59,,South,Graduate,Self-Employed,72968.91,18089.72,Home,442,11,67,53.01,2018-05-09 11:04:12.435108,0
CUST1208,61,,North,Secondary,Self-Employed,52265.41,44126.15,Car,500,2,45,24.79,2022-01-16 11:04:12.435108,0
CUST1209,41,Female,North,Graduate,Salaried,21234.44,27846.04,Business,479,9,8,44.25,2017-07-17 11:04:12.435108,0
CUST1210,32,Female,East,Secondary,Salaried,68384.58,19807.4,Education,663,10,87,14.91,2026-02-10 11:04:12.435108,0
CUST1211,49,Other,North,Primary,Salaried,36637.12,17371.09,Education,778,0,16,27.91,2023-05-13 11:04:12.435108,0
CUST1212,49,Female,South,Post-Graduate,Salaried,87465.96,20224.66,Business,770,5,77,39.06,2019-09-12 11:04:12.435108,0
CUST1213,41,Male,South,Secondary,Self-Employed,71600.96,25471.19,Education,683,1,67,45.09,2025-10-15 11:04:12.435108,0
CUST1214,58,Female,East,Graduate,Salaried,41053.56,8191.87,Other,716,0,9,88.2,2023-07-08 11:04:12.435108,0
CUST1215,69,Male,South,Post-Graduate,Self-Employed,75620.33,31143.22,Home,607,1,60,74.63,2022-01-16 11:04:12.435108,0
CUST1216,66,Other,West,Post-Graduate,Self-Employed,51357.11,27153.81,Home,666,11,78,68.99,2023-03-07 11:04:12.435108,0
CUST1217,66,Female,South,Graduate,Salaried,67055.47,27181.86,Home,300,5,77,52.96,2018-07-31 11:04:12.435108,1
CUST1218,69,Male,South,Secondary,Self-Employed,59694.66,24384.76,Education,343,3,71,77.2,2018-01-24 11:04:12.435108,0
CUST1219,29,Female,North,Primary,Salaried,33072.87,20196.17,Education,397,5,15,37.15,2020-07-17 11:04:12.435108,0
CUST1220,56,Female,North,Primary,,37129.0,26728.61,Car,564,11,71,66.71,2024-11-25 11:04:12.435108,0
CUST1221,19,Male,South,Secondary,Salaried,70599.22,25918.14,Car,439,8,98,89.5,2018-02-28 11:04:12.435108,0
CUST1222,20,Male,East,Post-Graduate,Unemployed,43304.49,16459.59,Home,780,12,41,35.17,2022-05-26 11:04:12.435108,0
CUST1223,66,Female,North,Post-Graduate,Self-Employed,41927.03,14263.98,Other,536,9,22,63.92,2025-01-30 11:04:12.435108,0
CUST1224,54,Female,East,Post-Graduate,Salaried,30897.55,21018.56,Car,371,11,24,77.55,2022-04-19 11:04:12.435108,0
CUST1225,66,Female,South,Post-Graduate,Self-Employed,58471.98,35490.2,Car,489,9,44,83.26,2016-05-10 11:04:12.435108,1
CUST1226,34,Female,South,Secondary,,91250.5,7608.93,Education,567,7,1,67.43,2023-01-25 11:04:12.435108,0
CUST1227,66,Female,West,Post-Graduate,Self-Employed,28649.34,5324.75,Other,620,0,10,32.69,2019-12-26 11:04:12.435108,0
CUST1228,19,Female,North,Graduate,Unemployed,50484.39,21647.61,Home,406,12,80,36.1,2021-10-30 11:04:12.435108,0
CUST1229,19,Female,South,Post-Graduate,Unemployed,78244.41,20508.88,Car,531,7,72,11.66,2016-07-26 11:04:12.435108,0
CUST1230,45,Female,West,Primary,Salaried,48407.17,21733.42,Other,341,8,56,70.87,2017-08-09 11:04:12.435108,0
CUST1231,40,Male,North,Post-Graduate,Salaried,59047.44,22439.53,Other,438,5,89,13.42,2020-06-02 11:04:12.435108,0
CUST1232,54,Male,South,Secondary,Self-Employed,28752.13,17767.98,Home,572,9,50,79.17,2026-03-16 11:04:12.435108,0
CUST1233,49,Male,South,Primary,Salaried,58566.14,34898.63,Other,780,4,12,19.49,2025-09-04 11:04:12.435108,1
CUST1234,50,Female,North,Secondary,Unemployed,46257.11,3990.96,Other,715,5,89,23.75,2025-05-25 11:04:12.435108,0
CUST1235,18,Female,North,Secondary,Unemployed,69714.6,11715.03,Other,805,12,81,48.12,2019-10-19 11:04:12.435108,0
CUST1236,36,Female,North,Primary,Salaried,73747.72,18967.45,Car,723,5,60,69.03,2019-01-13 11:04:12.435108,1
CUST1237,19,Male,South,Secondary,Salaried,101791.27,3568.11,Home,706,8,26,21.12,2016-12-31 11:04:12.435108,0
CUST1238,61,Male,South,Secondary,Self-Employed,61592.66,18241.46,Other,689,3,78,45.21,2019-01-19 11:04:12.435108,0
CUST1239,43,Male,West,Post-Graduate,Salaried,56515.93,36614.7,Other,641,1,41,48.63,2026-03-13 11:04:12.435108,1
CUST1240,49,Male,East,Graduate,Unemployed,53887.69,20208.86,Car,792,10,36,26.98,2022-09-17 11:04:12.435108,0
CUST1241,23,Female,North,Secondary,Salaried,42936.67,22307.01,Home,491,10,23,19.24,2017-03-26 11:04:12.435108,1
CUST1242,49,Male,South,Secondary,Self-Employed,56769.68,7398.35,Education,798,8,43,76.91,2017-04-23 11:04:12.435108,0
CUST1243,21,Male,South,Secondary,Salaried,44091.97,13836.39,Car,532,1,6,50.2,2024-07-22 11:04:12.435108,0
CUST1244,28,Other,North,Post-Graduate,Self-Employed,53369.22,16248.04,Home,526,9,69,11.15,2021-10-19 11:04:12.435108,1
CUST1245,34,Male,East,Graduate,Salaried,76351.95,16822.85,Other,670,8,43,74.24,2025-07-02 11:04:12.435108,0
CUST1246,55,Female,North,Primary,Self-Employed,29869.15,32816.44,Home,438,1,25,88.46,2017-02-15 11:04:12.435108,0
CUST1247,41,Female,East,Post-Graduate,Salaried,72797.57,25576.91,Home,448,11,18,58.47,2024-11-17 11:04:12.435108,0
CUST1248,22,Male,South,Post-Graduate,Self-Employed,76342.3,8885.42,Home,414,7,62,50.3,2022-04-28 11:04:12.435108,1
CUST1249,69,Female,East,Graduate,Unemployed,47638.63,22465.05,Education,749,8,13,80.27,2024-12-08 11:04:12.435108,1
CUST1250,51,Female,West,Graduate,Salaried,7562.9,24982.22,Home,362,11,43,86.2,2017-10-05 11:04:12.435108,0
CUST1251,23,Other,South,Post-Graduate,Salaried,37843.56,31401.49,Education,403,9,78,70.36,2017-10-15 11:04:12.435108,0
CUST1252,39,Male,West,Primary,Salaried,75939.89,35805.41,Other,572,8,28,45.64,2023-10-01 11:04:12.435108,1
CUST1253,28,Other,North,Post-Graduate,Self-Employed,49542.64,9849.06,Education,305,9,18,57.38,2021-09-05 11:04:12.435108,0
CUST1254,65,Female,North,Graduate,Self-Employed,30013.96,11891.42,Other,446,8,59,66.07,2022-07-07 11:04:12.435108,0
CUST1255,33,Male,North,Primary,Self-Employed,39904.5,7424.22,Other,483,1,60,25.54,2018-03-15 11:04:12.435108,0
CUST1256,50,Female,East,Graduate,Salaried,66812.4,17659.8,Education,327,3,63,45.78,2019-04-28 11:04:12.435108,0
CUST1257,26,,South,Primary,Salaried,60934.67,24663.58,Car,849,6,57,76.39,2022-04-08 11:04:12.435108,0
CUST1258,23,Female,North,Secondary,Self-Employed,45221.36,29873.35,Business,418,11,92,62.38,2026-02-18 11:04:12.435108,0
CUST1259,33,Male,North,Graduate,Salaried,42663.51,19240.49,Home,592,1,51,42.9,2023-02-25 11:04:12.435108,0
CUST1260,46,Female,South,Graduate,,42164.84,16801.52,Business,670,0,56,63.07,2021-02-04 11:04:12.435108,1
CUST1261,20,Male,North,Post-Graduate,Salaried,31551.8,21517.58,Home,543,2,27,19.46,2018-09-22 11:04:12.435108,0
CUST1262,37,Male,West,Graduate,Self-Employed,82307.51,11648.57,Home,517,11,32,42.12,2022-05-25 11:04:12.435108,0
CUST1263,53,Male,South,Graduate,Salaried,43553.59,40895.39,Other,476,3,9,73.45,2024-10-26 11:04:12.435108,0
CUST1264,36,Male,South,Secondary,Salaried,74343.17,3923.39,Home,598,7,96,27.64,2024-07-14 11:04:12.435108,0
CUST1265,43,Male,South,Graduate,Self-Employed,80426.32,21847.41,Home,357,5,84,24.88,2024-02-01 11:04:12.435108,0
CUST1266,20,Male,West,Secondary,Self-Employed,69966.22,40236.06,Education,568,10,92,86.07,2018-08-09 11:04:12.435108,0
CUST1267,36,Female,South,Secondary,,41367.59,20068.0,Business,607,1,97,26.79,2024-05-06 11:04:12.435108,0
CUST1268,37,Male,West,Secondary,Salaried,58074.6,18099.61,Education,587,8,68,30.87,2019-11-05 11:04:12.435108,1
CUST1269,49,Male,South,Secondary,Salaried,49516.09,16425.55,Home,404,1,46,87.57,2020-10-28 11:04:12.435108,0
CUST1270,24,Female,East,Primary,Self-Employed,31925.96,18196.08,Other,527,12,98,68.78,2023-11-19 11:04:12.435108,0
CUST1271,69,Female,North,Post-Graduate,Self-Employed,56487.19,33728.48,Education,546,11,67,65.97,2023-08-21 11:04:12.435108,0
CUST1272,58,Female,East,Primary,Salaried,26419.2,1000.0,Education,793,4,26,78.23,2020-07-15 11:04:12.435108,1
CUST1273,50,Male,North,Graduate,Salaried,73753.59,35334.34,Car,382,11,8,19.27,2021-04-06 11:04:12.435108,0
CUST1274,57,Male,West,Primary,Salaried,40707.65,5760.43,Home,485,3,6,66.48,2022-02-25 11:04:12.435108,0
CUST1275,56,Male,East,Primary,Unemployed,54023.19,17333.48,Other,551,12,80,50.3,2021-05-31 11:04:12.435108,0
CUST1276,35,Male,South,Graduate,Salaried,55665.76,15707.56,Education,654,6,24,76.33,2017-09-15 11:04:12.435108,0
CUST1277,57,Male,North,Graduate,Salaried,44821.9,25885.53,Education,509,7,48,50.65,2019-02-17 11:04:12.435108,0
CUST1278,18,Male,North,Graduate,Salaried,61733.88,4018.76,Other,746,4,94,59.62,2018-11-14 11:04:12.435108,0
CUST1279,28,Male,East,Primary,Salaried,40501.93,24621.73,Home,759,9,45,48.22,2017-01-25 11:04:12.435108,1
CUST1280,45,Male,West,Primary,Salaried,67425.95,40243.1,Car,771,4,13,48.25,2020-02-21 11:04:12.435108,1
CUST1281,42,Female,East,Graduate,Self-Employed,23080.41,6368.26,Education,669,1,69,71.44,2016-08-02 11:04:12.435108,0
CUST1282,67,Male,West,Post-Graduate,Salaried,52527.59,21897.06,Car,791,7,25,60.29,2022-12-12 11:04:12.435108,1
CUST1283,40,Male,West,Post-Graduate,Unemployed,88778.58,13380.18,Business,436,1,20,60.66,2022-07-24 11:04:12.435108,0
CUST1284,48,Female,North,Secondary,Salaried,29993.37,24258.87,Home,666,9,82,46.02,2018-12-06 11:04:12.435108,0
CUST1285,47,Female,East,Graduate,Self-Employed,36445.1,20191.48,Business,483,11,82,52.49,2022-12-13 11:04:12.435108,0
CUST1286,59,Male,East,Secondary,Unemployed,60278.16,13585.13,Business,586,5,66,69.66,2018-10-27 11:04:12.435108,0
CUST1287,52,Female,West,Post-Graduate,Self-Employed,53591.64,24878.72,Business,771,7,74,76.08,2016-06-06 11:04:12.435108,1
CUST1288,24,Female,East,Secondary,Self-Employed,57012.6,38043.48,Home,674,5,45,65.72,2017-02-22 11:04:12.435108,0
CUST1289,33,Male,South,Graduate,Salaried,59783.74,18090.96,Home,836,3,47,83.93,2024-04-15 11:04:12.435108,0
CUST1290,43,Female,South,Graduate,Salaried,62694.43,27197.58,Other,810,12,63,75.63,2023-06-05 11:04:12.435108,0
CUST1291,65,Other,East,Graduate,Self-Employed,72194.0,7067.27,Car,549,3,76,54.95,2017-01-04 11:04:12.435108,0
CUST1292,69,Male,East,Primary,,58196.37,10435.64,Car,809,5,77,63.71,2018-12-01 11:04:12.435108,0
CUST1293,66,Male,West,Secondary,Self-Employed,45174.85,24724.06,Other,372,12,55,84.1,2017-02-08 11:04:12.435108,0
CUST1294,19,Female,South,Post-Graduate,Self-Employed,63451.47,34841.16,Other,581,3,75,59.53,2016-09-13 11:04:12.435108,0
CUST1295,18,Female,South,Post-Graduate,Self-Employed,87997.64,23556.13,Business,659,7,19,75.98,2025-12-28 11:04:12.435108,1
CUST1296,65,Male,North,Post-Graduate,Salaried,47347.33,16869.42,Other,309,8,35,65.1,2020-01-21 11:04:12.435108,1
CUST1297,29,Male,West,Primary,Salaried,30509.41,19992.91,Education,510,0,53,54.15,2017-02-22 11:04:12.435108,0
CUST1298,22,Male,North,Primary,Self-Employed,72141.61,7495.92,Car,451,12,26,29.35,2022-02-11 11:04:12.435108,1
CUST1299,54,Female,South,Graduate,,47592.38,26045.15,Other,304,3,14,44.08,2019-01-07 11:04:12.435108,0
CUST1300,49,Female,West,Post-Graduate,Salaried,6546.61,28823.33,Education,494,3,45,87.42,2019-06-22 11:04:12.435108,0
CUST1301,26,Male,East,Primary,Self-Employed,66948.43,15479.1,Education,582,1,44,62.62,2023-11-08 11:04:12.435108,0
CUST1302,58,Female,West,Graduate,Salaried,39293.44,15299.58,Education,763,5,88,55.15,2021-10-17 11:04:12.435108,0
CUST1303,52,Female,East,Post-Graduate,Self-Employed,48189.33,22658.78,Education,412,2,65,84.64,2018-10-02 11:04:12.435108,0
CUST1304,36,Male,East,Secondary,Salaried,56639.61,15632.8,Business,570,6,51,56.92,2022-05-25 11:04:12.435108,0
CUST1305,65,Male,West,Graduate,Salaried,53809.99,19338.67,Education,462,12,43,52.09,2017-10-31 11:04:12.435108,0
CUST1306,33,Female,East,Primary,Self-Employed,64189.04,40997.22,Business,759,10,86,70.74,2024-06-17 11:04:12.435108,0
CUST1307,20,Female,North,Primary,Salaried,41290.27,17529.74,Business,404,10,23,67.01,2026-03-31 11:04:12.435108,0
CUST1308,37,Female,South,Graduate,Self-Employed,60262.12,16416.6,Education,581,4,56,25.45,2022-10-02 11:04:12.435108,0
CUST1309,41,Female,East,Graduate,Self-Employed,44809.07,13524.58,Car,461,3,19,47.7,2022-10-24 11:04:12.435108,0
CUST1310,50,Male,North,Primary,Unemployed,64776.21,27441.92,Education,650,4,82,47.8,2021-08-26 11:04:12.435108,0
CUST1311,41,Male,East,Secondary,Salaried,62307.35,18187.76,Education,733,7,76,40.26,2019-01-28 11:04:12.435108,0
CUST1312,69,Female,South,Post-Graduate,Salaried,31291.23,13506.27,Education,439,2,55,51.38,2025-02-23 11:04:12.435108,0
CUST1313,28,Male,North,Secondary,Salaried,71719.64,33213.04,Car,770,6,92,43.05,2021-08-27 11:04:12.435108,0
CUST1314,66,Male,South,Graduate,,39280.73,34196.03,Home,431,5,92,25.95,2025-05-28 11:04:12.435108,1
CUST1315,25,Male,South,Secondary,Unemployed,66161.16,13995.76,Home,386,11,60,42.99,2020-11-30 11:04:12.435108,0
CUST1316,53,Male,North,Primary,Self-Employed,57345.75,1334.6,Business,482,0,59,15.78,2018-06-26 11:04:12.435108,0
CUST1317,55,Male,North,Graduate,Unemployed,86763.67,30075.14,Business,667,12,33,56.06,2017-05-29 11:04:12.435108,0
CUST1318,57,Male,North,Post-Graduate,Self-Employed,45530.68,13153.7,Car,428,6,19,78.29,2017-06-09 11:04:12.435108,1
CUST1319,37,Male,West,Primary,Self-Employed,43013.66,27906.26,Other,545,12,28,68.02,2023-09-28 11:04:12.435108,0
CUST1320,52,Male,North,Primary,Salaried,49611.61,1000.0,Home,677,6,52,38.83,2021-03-08 11:04:12.435108,0
CUST1321,65,Female,North,Post-Graduate,Self-Employed,43936.4,28925.97,Business,448,11,49,16.97,2020-04-28 11:04:12.435108,1
CUST1322,42,Female,North,Post-Graduate,Salaried,65998.84,7888.28,Home,732,0,37,26.17,2021-02-05 11:04:12.435108,0
CUST1323,52,Female,North,Secondary,Unemployed,17673.79,27307.64,Car,768,8,26,53.64,2020-12-16 11:04:12.435108,0
CUST1324,42,Female,East,Graduate,Self-Employed,28926.35,20142.73,Car,745,5,99,26.56,2021-08-02 11:04:12.435108,0
CUST1325,46,Female,West,Post-Graduate,Self-Employed,28643.94,10460.61,Other,780,11,98,53.52,2026-01-14 11:04:12.435108,0
CUST1326,35,Male,South,Post-Graduate,Salaried,69006.15,15929.64,Other,593,1,99,28.53,2024-07-11 11:04:12.435108,0
CUST1327,63,Female,North,Graduate,Salaried,84212.27,26863.18,Car,442,4,40,77.91,2016-12-15 11:04:12.435108,0
CUST1328,35,Female,East,Post-Graduate,Salaried,47911.02,21058.94,Business,549,12,80,41.78,2023-11-26 11:04:12.435108,0
CUST1329,19,Female,East,Post-Graduate,Salaried,46623.57,25844.13,Home,601,10,38,29.64,2023-09-05 11:04:12.435108,0
CUST1330,52,Male,East,Secondary,Salaried,51401.04,39764.41,Education,324,3,77,74.99,2023-08-06 11:04:12.435108,0
CUST1331,33,Male,South,Primary,Unemployed,73237.57,4357.58,Other,369,6,87,37.43,2017-06-15 11:04:12.435108,0
CUST1332,58,Male,North,Primary,Self-Employed,31452.94,36172.13,Education,411,7,54,18.92,2017-01-11 11:04:12.435108,0
CUST1333,53,Male,West,Primary,Salaried,54767.38,21043.56,Business,663,10,22,55.63,2020-11-12 11:04:12.435108,1
CUST1334,50,Female,West,Primary,Salaried,69503.95,11012.16,Other,602,10,16,56.53,2024-07-07 11:04:12.435108,0
CUST1335,21,Female,East,Post-Graduate,Salaried,60021.88,6696.86,Education,770,0,28,67.18,2020-02-26 11:04:12.435108,1
CUST1336,50,Male,South,Graduate,Self-Employed,53791.63,18108.8,Business,390,4,35,29.22,2025-04-30 11:04:12.435108,0
CUST1337,31,,South,Graduate,Self-Employed,70020.92,29216.5,Home,829,2,60,45.5,2026-01-05 11:04:12.435108,0
CUST1338,38,Female,South,Secondary,Unemployed,5000.0,18724.51,Business,491,0,45,32.59,2017-07-29 11:04:12.435108,0
CUST1339,65,Male,West,Secondary,Salaried,63557.51,35111.55,Other,541,11,46,16.48,2019-02-20 11:04:12.435108,0
CUST1340,37,Male,East,Post-Graduate,,36918.49,5488.24,Car,437,2,72,80.13,2018-07-01 11:04:12.435108,0
CUST1341,25,Male,North,Graduate,Unemployed,13387.34,19879.11,Home,644,5,55,68.31,2018-06-26 11:04:12.435108,0
CUST1342,24,Male,West,Graduate,Salaried,60224.05,7476.07,Education,479,6,86,34.12,2022-05-13 11:04:12.435108,1
CUST1343,20,Male,East,Primary,Unemployed,77473.17,23636.32,Other,802,7,85,57.95,2021-05-19 11:04:12.435108,0
CUST1344,34,Male,East,Post-Graduate,Salaried,47251.03,28868.87,Car,502,12,26,26.1,2017-12-03 11:04:12.435108,0
CUST1345,50,Male,North,Post-Graduate,Unemployed,69057.49,15792.38,Business,491,10,85,81.22,2021-01-30 11:04:12.435108,0
CUST1346,65,Male,North,Primary,Salaried,82245.57,1000.0,Car,304,3,25,19.19,2018-05-29 11:04:12.435108,1
CUST1347,29,Female,North,Post-Graduate,Unemployed,76298.29,21989.48,Other,536,2,65,10.31,2019-06-22 11:04:12.435108,0
CUST1348,68,Male,South,Post-Graduate,Unemployed,82799.29,24367.39,Other,610,4,6,50.16,2021-07-15 11:04:12.435108,0
CUST1349,39,Female,North,Secondary,Unemployed,64842.55,24042.95,Car,848,8,23,56.65,2019-02-25 11:04:12.435108,0
CUST1350,39,Male,East,Graduate,Self-Employed,51508.67,32357.82,Business,355,12,64,56.32,2026-02-26 11:04:12.435108,0
CUST1351,63,,North,Post-Graduate,Salaried,17960.68,9289.46,Car,742,5,87,14.36,2017-03-12 11:04:12.435108,0
CUST1352,47,Male,East,Secondary,Salaried,45078.75,26802.16,Other,536,8,43,35.12,2021-04-27 11:04:12.435108,0
CUST1353,55,Male,West,Graduate,Salaried,33135.07,31925.08,Other,496,5,23,49.94,2025-05-30 11:04:12.435108,0
CUST1354,55,Other,South,Primary,Salaried,93418.85,2214.12,Education,813,1,96,27.33,2026-01-04 11:04:12.435108,0
CUST1355,62,Female,West,Secondary,Self-Employed,46482.28,23196.52,Education,748,12,30,79.81,2025-12-13 11:04:12.435108,0
CUST1356,68,Female,West,Secondary,Salaried,52464.1,14958.2,Home,659,4,77,16.97,2022-07-10 11:04:12.435108,0
CUST1357,25,Male,East,Graduate,,61029.71,19184.77,Other,329,11,18,48.99,2017-06-13 11:04:12.435108,1
CUST1358,44,Male,West,Primary,Self-Employed,50872.05,23476.76,Education,407,10,87,65.31,2016-12-01 11:04:12.435108,0
CUST1359,44,Female,East,Secondary,Unemployed,83901.02,15127.71,Car,744,8,79,30.94,2023-08-31 11:04:12.435108,0
CUST1360,51,Other,North,Post-Graduate,Salaried,37547.01,13242.92,Business,737,7,97,59.94,2022-05-31 11:04:12.435108,0
CUST1361,38,Female,North,Post-Graduate,Unemployed,53892.15,20341.52,Car,756,6,21,76.35,2025-09-22 11:04:12.435108,0
CUST1362,47,Female,East,Post-Graduate,Unemployed,35150.59,9127.54,Business,794,0,57,25.23,2016-07-07 11:04:12.435108,1
CUST1363,50,Male,North,Primary,Salaried,23599.55,9141.75,Education,546,3,23,83.38,2017-05-25 11:04:12.435108,0
CUST1364,45,Female,South,Secondary,Self-Employed,37764.62,26793.73,Home,842,11,91,54.28,2024-10-19 11:04:12.435108,0
CUST1365,64,Male,West,Post-Graduate,Self-Employed,49259.26,8512.06,Car,738,6,45,33.94,2025-11-13 11:04:12.435108,0
CUST1366,50,Male,South,Primary,Salaried,41413.96,26663.13,Car,577,10,44,44.47,2019-01-01 11:04:12.435108,1
CUST1367,22,Male,West,Post-Graduate,Self-Employed,36151.58,24625.91,Car,410,6,82,34.98,2018-03-20 11:04:12.435108,0
CUST1368,65,Female,North,Graduate,Salaried,21873.65,2741.93,Business,684,5,88,68.01,2020-11-27 11:04:12.435108,0
CUST1369,36,Male,South,Secondary,Salaried,48337.89,13224.35,Education,490,7,47,73.7,2021-10-18 11:04:12.435108,1
CUST1370,21,Male,North,Secondary,Salaried,19905.59,31941.09,Car,789,10,40,76.63,2021-09-30 11:04:12.435108,0
CUST1371,52,Female,West,Primary,Salaried,65201.12,10188.34,Car,725,12,51,88.86,2018-09-30 11:04:12.435108,0
CUST1372,66,Male,East,Primary,Salaried,51648.8,15355.96,Home,704,5,42,73.3,2026-01-17 11:04:12.435108,0
CUST1373,34,Female,East,Secondary,Salaried,20848.97,24620.61,Home,634,9,7,58.11,2020-11-05 11:04:12.435108,0
CUST1374,61,Male,South,Post-Graduate,,43815.82,27833.91,Education,508,2,50,37.14,2017-01-03 11:04:12.435108,0
CUST1375,45,Female,North,Post-Graduate,Self-Employed,34956.87,17484.61,Education,321,3,48,53.57,2018-03-13 11:04:12.435108,0
CUST1376,47,Female,North,Graduate,,56383.49,14024.9,Other,507,2,84,13.29,2020-08-07 11:04:12.435108,1
CUST1377,46,Male,South,Post-Graduate,Salaried,76809.01,34223.7,Home,307,0,91,69.59,2016-05-16 11:04:12.435108,0
CUST1378,63,Male,East,Primary,Salaried,12496.55,37389.0,Other,828,9,6,45.68,2020-09-23 11:04:12.435108,0
CUST1379,23,Male,West,Primary,Self-Employed,52300.52,29788.58,Business,465,4,91,11.6,2019-04-29 11:04:12.435108,0
CUST1380,52,Male,South,Post-Graduate,Salaried,46797.34,20853.18,Other,795,0,9,15.0,2025-02-21 11:04:12.435108,0
CUST1381,58,,West,Primary,Salaried,63426.8,11917.34,Car,728,0,57,41.0,2025-02-25 11:04:12.435108,0
CUST1382,54,Male,East,Secondary,Self-Employed,54263.93,11695.56,Other,462,1,31,56.67,2021-06-14 11:04:12.435108,0
CUST1383,41,Female,North,Secondary,Salaried,34960.61,25225.14,Education,665,12,21,47.14,2019-07-20 11:04:12.435108,0
CUST1384,46,Male,East,Post-Graduate,Self-Employed,43618.92,24183.98,Business,825,3,90,59.54,2021-02-03 11:04:12.435108,0
CUST1385,66,Female,South,Secondary,Self-Employed,34079.48,34015.99,Car,538,5,40,48.42,2024-02-29 11:04:12.435108,1
CUST1386,63,Female,North,Secondary,Salaried,71520.14,26504.5,Other,371,7,45,62.94,2024-07-17 11:04:12.435108,1
CUST1387,48,Female,South,Graduate,Salaried,50426.23,4969.2,Business,744,12,77,27.53,2025-02-18 11:04:12.435108,0
CUST1388,52,Female,South,Graduate,Self-Employed,88023.81,30519.48,Business,808,2,49,19.03,2022-08-01 11:04:12.435108,0
CUST1389,50,Male,East,Secondary,Salaried,48786.78,10019.39,Car,568,0,87,57.71,2023-10-10 11:04:12.435108,0
CUST1390,69,Male,South,Post-Graduate,Salaried,35831.86,16160.29,Other,714,2,20,48.78,2024-05-28 11:04:12.435108,0
CUST1391,38,Other,East,Graduate,,19725.71,22502.0,Business,544,11,92,12.15,2021-10-22 11:04:12.435108,0
CUST1392,49,Female,North,Primary,Salaried,13937.21,39956.67,Business,359,2,17,40.44,2018-02-01 11:04:12.435108,0
CUST1393,40,Other,East,Primary,Self-Employed,18317.28,51099.19,Home,305,4,28,18.49,2018-06-24 11:04:12.435108,0
CUST1394,50,Male,North,Primary,,55342.53,26067.23,Business,706,10,41,52.51,2019-09-05 11:04:12.435108,0
CUST1395,20,Female,East,Post-Graduate,Salaried,60174.5,18168.03,Home,516,11,66,41.66,2018-10-16 11:04:12.435108,0
CUST1396,35,Other,West,Secondary,Salaried,18376.19,25345.06,Other,325,11,25,59.05,2017-01-02 11:04:12.435108,0
CUST1397,42,Male,West,Primary,Salaried,67900.77,28876.55,Other,304,3,58,74.45,2022-11-05 11:04:12.435108,0
CUST1398,59,Male,South,Post-Graduate,Salaried,40338.78,16793.32,Other,831,12,41,33.97,2024-08-07 11:04:12.435108,0
CUST1399,48,Female,East,Graduate,Salaried,52935.86,37952.11,Education,689,3,6,86.97,2022-06-06 11:04:12.435108,0
CUST1400,20,Female,East,Secondary,Self-Employed,82244.41,22300.71,Other,747,8,75,52.85,2017-01-12 11:04:12.435108,0
CUST1401,57,Female,North,Graduate,Salaried,67936.79,24977.43,Business,445,6,38,59.46,2024-09-26 11:04:12.435108,1
CUST1402,63,Male,South,Post-Graduate,Self-Employed,44629.39,26659.24,Car,687,3,6,64.45,2019-11-13 11:04:12.435108,0
CUST1403,41,Female,East,Primary,,32176.16,24215.87,Home,548,2,45,63.34,2016-12-28 11:04:12.435108,0
CUST1404,67,Male,South,Primary,Unemployed,6963.69,28389.41,Education,825,5,75,50.88,2016-11-29 11:04:12.435108,0
CUST1405,49,Male,West,Post-Graduate,Self-Employed,35616.93,13827.47,Other,761,2,14,44.3,2022-11-25 11:04:12.435108,1
CUST1406,64,Male,East,Primary,Salaried,45777.4,14416.98,Other,312,5,66,14.3,2021-09-11 11:04:12.435108,0
CUST1407,39,Female,East,Secondary,Self-Employed,30256.41,8998.46,Car,683,10,40,11.77,2021-12-27 11:04:12.435108,0
CUST1408,40,Female,South,Post-Graduate,Self-Employed,47374.86,24395.01,Car,698,12,3,38.64,2025-11-29 11:04:12.435108,1
CUST1409,19,Female,East,Graduate,Salaried,51537.04,27789.37,Education,318,10,99,36.69,2022-04-22 11:04:12.435108,1
CUST1410,44,Male,South,Post-Graduate,Salaried,45502.88,24577.73,Home,790,12,97,41.02,2018-02-11 11:04:12.435108,1
CUST1411,59,Female,East,Secondary,Unemployed,36999.95,36744.92,Other,718,12,24,21.07,2016-12-26 11:04:12.435108,1
CUST1412,19,Male,North,Secondary,Salaried,53373.09,19944.04,Education,636,11,19,69.05,2022-01-17 11:04:12.435108,1
CUST1413,43,Female,South,Post-Graduate,Salaried,58838.81,26687.42,Business,718,8,18,78.56,2017-04-01 11:04:12.435108,0
CUST1414,34,Male,East,Post-Graduate,Salaried,28192.02,9082.99,Business,421,5,64,85.1,2025-11-24 11:04:12.435108,0
CUST1415,57,Male,West,Primary,Salaried,78218.65,16129.0,Education,731,11,88,49.39,2018-06-08 11:04:12.435108,0
CUST1416,50,Female,East,Secondary,Unemployed,48028.24,26955.38,Other,343,3,35,66.07,2017-02-12 11:04:12.435108,0
CUST1417,26,Male,West,Post-Graduate,Self-Employed,50376.99,28491.02,Education,616,4,62,78.44,2023-01-09 11:04:12.435108,0
CUST1418,60,Female,West,Post-Graduate,Self-Employed,64164.29,17060.33,Other,680,12,1,43.46,2017-02-10 11:04:12.435108,0
CUST1419,65,Female,North,Secondary,Salaried,54664.32,19284.01,Car,444,5,100,34.75,2023-12-03 11:04:12.435108,0
CUST1420,56,Male,South,Post-Graduate,Salaried,69062.73,4821.26,Education,626,10,25,84.94,2026-01-06 11:04:12.435108,0
CUST1421,46,Female,East,Primary,Salaried,55742.48,16429.71,Other,662,2,45,51.25,2018-12-27 11:04:12.435108,0
CUST1422,59,Male,North,Secondary,Salaried,37751.25,28903.83,Education,349,7,49,49.78,2020-11-16 11:04:12.435108,0
CUST1423,43,Female,East,Primary,Salaried,57230.07,25752.05,Education,364,3,98,24.27,2017-09-11 11:04:12.435108,0
CUST1424,52,Other,West,Primary,Self-Employed,27125.48,25006.66,Other,654,7,89,18.65,2026-05-02 11:04:12.435108,0
CUST1425,67,Female,South,Primary,Salaried,52171.19,20497.74,Other,463,9,16,77.37,2022-09-27 11:04:12.435108,0
CUST1426,42,Male,East,Primary,Self-Employed,49335.4,20070.63,Home,440,9,98,59.13,2019-02-10 11:04:12.435108,0
CUST1427,41,Other,East,Secondary,Salaried,45837.66,13396.79,Education,427,2,93,36.07,2022-11-04 11:04:12.435108,0
CUST1428,30,Female,West,Primary,Salaried,47429.25,26988.28,Business,697,9,19,25.34,2023-01-07 11:04:12.435108,0
CUST1429,24,Male,East,Primary,Salaried,12363.02,24209.73,Education,762,6,23,54.44,2016-10-17 11:04:12.435108,0
CUST1430,53,Male,East,Post-Graduate,,39025.5,24920.19,Education,486,10,83,56.71,2023-04-18 11:04:12.435108,0
CUST1431,62,Female,West,Secondary,Unemployed,51856.9,14739.65,Other,489,12,25,26.56,2017-04-08 11:04:12.435108,0
CUST1432,37,Female,North,Secondary,,53197.13,1000.0,Education,687,11,16,78.11,2021-01-19 11:04:12.435108,1
CUST1433,18,Female,West,Graduate,Salaried,29446.5,30971.53,Education,728,8,54,16.74,2023-09-21 11:04:12.435108,0
CUST1434,25,Female,North,Secondary,Salaried,75314.16,15211.63,Business,583,3,73,38.49,2022-11-23 11:04:12.435108,0
CUST1435,63,Female,South,Secondary,Self-Employed,32676.5,11372.24,Other,536,7,1,64.43,2022-09-09 11:04:12.435108,0
CUST1436,33,Male,North,Graduate,Salaried,69389.14,26934.79,Education,493,2,42,31.93,2022-03-19 11:04:12.435108,0
CUST1437,31,Male,North,Secondary,Unemployed,58543.89,16079.87,Car,586,6,19,76.21,2019-11-24 11:04:12.435108,0
CUST1438,29,Male,South,Secondary,Salaried,37075.45,30599.36,Home,435,2,97,69.19,2019-04-11 11:04:12.435108,0
CUST1439,68,Female,North,Secondary,Salaried,85506.22,26170.06,Business,470,11,34,73.12,2018-08-22 11:04:12.435108,0
CUST1440,40,Male,West,Secondary,Salaried,26127.26,26835.69,Education,458,6,80,19.53,2023-11-11 11:04:12.435108,0
CUST1441,32,Female,North,Graduate,Salaried,68383.08,6340.44,Car,500,10,55,21.24,2024-05-19 11:04:12.435108,0
CUST1442,45,Female,South,Secondary,Self-Employed,70011.65,32119.44,Education,786,9,18,32.92,2019-11-15 11:04:12.435108,0
CUST1443,51,Female,West,Secondary,Salaried,36587.6,22612.51,Education,803,9,34,51.45,2019-01-10 11:04:12.435108,0
CUST1444,19,Male,South,Graduate,Salaried,77849.31,16307.23,Other,670,10,89,69.84,2019-04-30 11:04:12.435108,1
CUST1445,49,Female,South,Post-Graduate,Salaried,44999.07,21433.88,Other,402,10,45,76.92,2020-10-15 11:04:12.435108,0
CUST1446,40,Male,East,Primary,Salaried,55773.87,2237.65,Other,424,5,6,66.35,2017-10-26 11:04:12.435108,0
CUST1447,39,Female,East,Post-Graduate,Self-Employed,55206.44,24086.53,Car,612,1,21,84.29,2023-11-19 11:04:12.435108,0
CUST1448,68,Male,South,Graduate,Unemployed,47313.83,9706.28,Education,757,10,70,69.1,2023-08-03 11:04:12.435108,0
CUST1449,42,Male,South,Primary,,66216.17,6473.3,Home,529,2,96,34.5,2019-09-18 11:04:12.435108,0
CUST1450,39,Female,South,Graduate,Self-Employed,65869.77,4776.41,Business,496,5,48,31.21,2021-06-23 11:04:12.435108,0
CUST1451,39,Male,East,Graduate,Salaried,15029.36,31126.88,Other,722,3,39,65.7,2019-11-24 11:04:12.435108,1
CUST1452,66,Male,East,Secondary,Self-Employed,76086.8,13707.37,Other,470,5,31,25.43,2024-10-12 11:04:12.435108,0
CUST1453,69,Female,North,Primary,Salaried,16750.16,35337.28,Education,681,0,10,17.42,2017-03-01 11:04:12.435108,1
CUST1454,59,Female,North,Secondary,Salaried,70650.92,14641.99,Education,472,9,30,52.58,2016-06-15 11:04:12.435108,0
CUST1455,23,Female,South,Primary,Unemployed,72534.1,2926.42,Car,752,11,18,75.73,2021-06-28 11:04:12.435108,1
CUST1456,32,Female,West,Graduate,Salaried,28180.67,8834.76,Car,649,0,60,18.11,2023-04-26 11:04:12.435108,0
CUST1457,60,Female,West,Graduate,Unemployed,41783.71,32358.12,Other,793,2,88,73.35,2022-08-31 11:04:12.435108,0
CUST1458,54,Male,East,Post-Graduate,Salaried,27885.91,18441.02,Education,303,7,73,74.93,2017-06-21 11:04:12.435108,0
CUST1459,50,Male,East,Primary,Self-Employed,45701.58,14517.13,Home,392,7,95,48.58,2017-03-04 11:04:12.435108,0
CUST1460,25,Male,East,Secondary,Self-Employed,43839.31,21600.18,Business,305,10,15,14.58,2022-05-19 11:04:12.435108,1
CUST1461,61,Other,South,Post-Graduate,Unemployed,65593.21,25017.83,Education,587,3,4,23.97,2018-09-28 11:04:12.435108,0
CUST1462,61,Female,West,Post-Graduate,Self-Employed,76206.17,31173.99,Education,445,5,63,66.59,2022-01-09 11:04:12.435108,0
CUST1463,22,Male,North,Post-Graduate,Self-Employed,77913.68,34484.99,Car,723,7,40,66.94,2019-04-29 11:04:12.435108,0
CUST1464,56,Female,South,Secondary,Salaried,38756.64,16402.31,Business,756,6,9,81.87,2017-11-01 11:04:12.435108,0
CUST1465,21,Other,North,Post-Graduate,Self-Employed,45815.56,6739.52,Other,501,10,9,56.61,2020-04-06 11:04:12.435108,0
CUST1466,23,Male,North,Secondary,Salaried,16331.24,15865.35,Education,511,6,26,19.93,2026-03-25 11:04:12.435108,0
CUST1467,62,Female,South,Post-Graduate,Self-Employed,33882.6,22602.81,Other,305,12,4,19.71,2017-02-13 11:04:12.435108,0
CUST1468,49,Female,North,Secondary,Self-Employed,69297.03,10362.41,Education,675,3,81,67.69,2026-03-18 11:04:12.435108,1
CUST1469,69,Female,West,Graduate,Self-Employed,82311.66,10428.49,Other,746,8,16,24.7,2019-02-02 11:04:12.435108,0
CUST1470,47,Male,North,Graduate,Salaried,25313.02,23437.88,Business,405,11,15,36.27,2020-06-29 11:04:12.435108,0
CUST1471,64,Female,West,Graduate,Salaried,38150.71,19513.48,Car,700,9,99,48.98,2019-07-19 11:04:12.435108,0
CUST1472,52,Other,West,Graduate,Self-Employed,49471.88,20327.97,Business,395,5,52,11.98,2018-02-13 11:04:12.435108,0
CUST1473,57,Female,West,Graduate,Salaried,55603.22,12415.05,Home,687,11,69,29.91,2021-04-06 11:04:12.435108,0
CUST1474,69,Female,East,Post-Graduate,Salaried,33807.93,17695.99,Car,751,10,5,42.63,2025-09-13 11:04:12.435108,0
CUST1475,33,Other,North,Post-Graduate,Salaried,58481.22,10757.67,Business,715,2,20,32.37,2022-06-11 11:04:12.435108,0
CUST1476,30,Female,South,Post-Graduate,,40523.21,28901.98,Home,803,4,79,20.91,2024-03-28 11:04:12.435108,0
CUST1477,67,Male,South,Secondary,Self-Employed,49710.95,30352.49,Education,753,4,18,68.24,2019-09-29 11:04:12.435108,1
CUST1478,59,Female,North,Secondary,Salaried,60925.68,1538.12,Education,590,4,2,75.05,2023-03-18 11:04:12.435108,0
CUST1479,47,Female,East,Secondary,Salaried,50128.45,10704.89,Other,833,7,93,30.6,2025-05-26 11:04:12.435108,0
CUST1480,36,Male,East,Secondary,Salaried,41272.28,5034.71,Car,492,8,13,71.95,2023-09-07 11:04:12.435108,1
CUST1481,34,Female,West,Graduate,Self-Employed,47807.8,13499.76,Education,449,12,4,40.84,2022-04-13 11:04:12.435108,1
CUST1482,36,Other,North,Graduate,Self-Employed,48232.74,19165.62,Car,814,8,42,50.53,2016-06-09 11:04:12.435108,0
CUST1483,45,Other,North,Graduate,Salaried,42599.78,5503.55,Education,692,12,74,78.48,2023-11-03 11:04:12.435108,0
CUST1484,43,Female,South,Primary,Salaried,44824.08,10781.4,Other,615,5,61,70.0,2025-07-06 11:04:12.435108,0
CUST1485,54,Male,North,Post-Graduate,Salaried,81972.94,9960.43,Business,375,5,95,74.41,2022-07-27 11:04:12.435108,1
CUST1486,43,,East,Secondary,Self-Employed,61218.39,22072.67,Other,569,8,8,20.95,2019-09-16 11:04:12.435108,1
CUST1487,40,Female,North,Secondary,Self-Employed,44090.39,20693.44,Home,524,3,67,15.58,2023-10-16 11:04:12.435108,0
CUST1488,26,Male,South,Graduate,Salaried,63939.09,12782.62,Education,829,5,63,81.47,2017-07-06 11:04:12.435108,0
CUST1489,29,Other,West,Secondary,Salaried,43323.61,21768.21,Home,412,3,9,41.03,2026-03-13 11:04:12.435108,0
CUST1490,18,Female,South,Secondary,Salaried,73462.49,14533.2,Home,550,10,94,33.03,2017-11-09 11:04:12.435108,0
CUST1491,18,Female,South,Post-Graduate,,57392.84,17283.45,Car,532,0,11,67.98,2019-04-26 11:04:12.435108,0
CUST1492,64,Female,West,Graduate,Salaried,47853.96,36734.52,Education,382,6,99,76.91,2017-08-23 11:04:12.435108,0
CUST1493,51,Male,South,Post-Graduate,Self-Employed,58954.34,33404.61,Home,424,9,42,79.0,2026-04-30 11:04:12.435108,1
CUST1494,49,Male,South,Primary,Self-Employed,18582.48,7004.19,Business,474,10,13,35.28,2017-07-20 11:04:12.435108,0
CUST1495,65,Male,North,Primary,Salaried,27464.65,28297.32,Home,368,11,36,78.18,2024-09-03 11:04:12.435108,0
CUST1496,42,Female,North,Primary,Salaried,26121.5,28113.97,Business,346,5,13,13.27,2022-07-22 11:04:12.435108,0
CUST1497,57,Male,West,Graduate,Salaried,52858.86,8517.37,Car,555,8,12,13.97,2018-02-03 11:04:12.435108,0
CUST1498,62,Male,North,Secondary,Self-Employed,84650.3,28187.78,Home,329,6,37,59.88,2019-05-28 11:04:12.435108,0
CUST1499,18,Male,North,Graduate,Self-Employed,94626.0,35379.32,Other,580,12,74,15.05,2019-07-06 11:04:12.435108,0
